<?xml version="1.0" encoding="UTF-8"?>
<project-private xmlns="http://www.netbeans.org/ns/project-private/1">
    <editor-bookmarks xmlns="http://www.netbeans.org/ns/editor-bookmarks/2" lastBookmarkId="0"/>
    <open-files xmlns="http://www.netbeans.org/ns/projectui-open-files/2">
        <group>
            <file>file:/C:/xampp/htdocs/O_vote/home.php</file>
            <file>file:/C:/xampp/htdocs/O_vote/assets/js/bootstrap.min.js</file>
            <file>file:/C:/xampp/htdocs/O_vote/assets/css/bootstrap.css</file>
            <file>file:/C:/xampp/htdocs/O_vote/assets/js/bootstrap.bundle.js</file>
            <file>file:/C:/xampp/htdocs/O_vote/assets/js/bootstrap.js</file>
        </group>
    </open-files>
</project-private>
